CREATE TABLE suppliers_p (
p VARCHAR(10) PRIMARY KEY NOT NULL,
name_p VARCHAR(10),
status INT,
city VARCHAR(25)
);

CREATE TABLE details_p (
d VARCHAR(10) PRIMARY KEY NOT NULL,
name_d VARCHAR(25),
color VARCHAR(25),
size INT,
city VARCHAR(25)
);

CREATE TABLE project_g (
pr VARCHAR(10) PRIMARY KEY NOT NULL,
name_pr VARCHAR(25),
city VARCHAR(25)
);

CREATE TABLE spj (
p VARCHAR(25),
d VARCHAR(25),
pr VARCHAR(25),
s INT
);

INSERT INTO suppliers_p
VALUES
('П1', 'Петров', 20, 'Москва'),
('П2', 'Синицин', 10, 'Таллинн'),
('П3', 'Федоров', 30, 'Таллинн'),
('П4', 'Чаянов', 20, 'Минск'),
('П5', 'Крюков', 30, 'Киев');

INSERT INTO details_p
VALUES
('Д1', 'Болт', 'Красный', 12, 'Москва'),
('Д2', 'Гайка', 'Зеленая', 17, 'Минск'),
('Д3', 'Диск', 'Черный', 17, 'Вильнюс'),
('Д4', 'Диск', 'Черный', 14, 'Москва'),
('Д5', 'Корпус', 'Красный', 12, 'Минск'),
('Д6', 'Крышки', 'Красный', 19, 'Москва');

INSERT INTO project_g
VALUES
('ПР1', 'ИПР1', 'Минск'),
('ПР2', 'ИПР2', 'Таллинн'),
('ПР3', 'ИПР3', 'Псков'),
('ПР4', 'ИПР4', 'Псков'),
('ПР5', 'ИПР1', 'Москва'),
('ПР6', 'ИПР1', 'Саратов'),
('ПР7', 'ИПР1', 'Москва');

INSERT INTO spj
VALUES
('П1', 'Д1', 'ПР1', 200),
('П1', 'Д1', 'ПР2', 700),
('П2', 'Д3', 'ПР1', 400),
('П2', 'Д2', 'ПР2', 200),
('П2', 'Д3', 'ПР3', 200),
('П2', 'Д3', 'ПР4', 500),
('П2', 'Д3', 'ПР5', 600),
('П2', 'Д3', 'ПР6', 400),
('П2', 'Д3', 'ПР7', 800),
('П2', 'Д5', 'ПР2', 100),
('П3', 'Д3', 'ПР1', 200),
('П3', 'Д4', 'ПР2', 500),
('П4', 'Д6', 'ПР3', 300),
('П4', 'Д6', 'ПР7', 300),
('П5', 'Д2', 'ПР2', 200),
('П5', 'Д2', 'ПР4', 100),
('П5', 'Д5', 'ПР5', 500),
('П5', 'Д5', 'ПР7', 100),
('П5', 'Д6', 'ПР2', 200),
('П5', 'Д1', 'ПР2', 100),
('П5', 'Д3', 'ПР4', 200);
('П5', 'Д4', 'ПР4', 800),
('П5', 'Д5', 'ПР4', 400),
('П5', 'Д6', 'ПР4', 500);
